ctgov,time,estimate
NCT00034840,1,0.9959
NCT00034840,2,0.9939
NCT00034840,12,0.9898
NCT00034840,13,0.9878
NCT00034840,16,0.9857
NCT00034840,17,0.9816
NCT00034840,19,0.9796
NCT00034840,26,0.9776
NCT00034840,27,0.9735
NCT00034840,28,0.9714
NCT00034840,33,0.9694
NCT00034840,34,0.9673
NCT00034840,36,0.9653
NCT00034840,37,0.9612
NCT00034840,39,0.9571
NCT00034840,40,0.951
NCT00034840,41,0.9429
NCT00034840,46,0.9429
NCT00034840,47,0.9408
NCT00034840,49,0.9408
NCT00034840,50,0.9387
NCT00034840,52,0.9387
NCT00034840,53,0.9367
NCT00034840,54,0.9367
NCT00034840,55,0.9342
NCT00034840,84,0.9342
NCT00051558,1,0.9977
NCT00051558,26,0.9836
NCT00051558,35,0.965
NCT00051558,53,0.9509
NCT00051558,57,0.9416
NCT00051558,85,0.9299
NCT00051558,113,0.8972
NCT00051558,161,0.8645
NCT00051558,248,0.8271
NCT00051558,297,0.8154
NCT00051558,308,0.8037
NCT00051558,354,0.7921
NCT00051558,391,0.7734
NCT00051558,418,0.75
NCT00051558,520,0.7336
NCT00051558,546,0.7243
NCT00051558,568,0.7056
NCT00051558,608,0.6939
NCT00051558,674,0.6869
NCT00051558,742,0.6565
NCT00051558,819,0.6355
NCT00051558,861,0.6308
NCT00051558,927,0.6098
NCT00051558,972,0.6051
NCT00051558,1001,0.5888
NCT00051558,1069,0.5794
NCT00051558,1080,0.5699
NCT00051558,1162,0.5699
NCT00125918,1,0.9975
NCT00125918,5,0.9901
NCT00125918,16,0.9852
NCT00125918,22,0.9778
NCT00125918,26,0.9753
NCT00125918,27,0.9679
NCT00125918,29,0.958
NCT00125918,35,0.9506
NCT00125918,40,0.9481
NCT00125918,48,0.9383
NCT00125918,53,0.9309
NCT00125918,54,0.9259
NCT00125918,57,0.9185
NCT00125918,69,0.9037
NCT00125918,79,0.8963
NCT00125918,81,0.8914
NCT00125918,82,0.8864
NCT00125918,83,0.8741
NCT00125918,85,0.8667
NCT00125918,101,0.8568
NCT00125918,107,0.8568
NCT00125918,108,0.8542
NCT00125918,110,0.8542
NCT00125918,111,0.8513
NCT00125918,112,0.844
NCT00125918,114,0.844
NCT00125918,115,0.8363
NCT00125918,146,0.8363
NCT00152984,1,0.9936
NCT00152984,13,0.9915
NCT00152984,26,0.9894
NCT00152984,28,0.9873
NCT00152984,32,0.9852
NCT00152984,34,0.9831
NCT00152984,40,0.9809
NCT00152984,43,0.9788
NCT00152984,50,0.9767
NCT00152984,52,0.9725
NCT00152984,54,0.9703
NCT00152984,58,0.9703
NCT00152984,61,0.9682
NCT00152984,70,0.9682
NCT00152984,73,0.9661
NCT00152984,144,0.9661
NCT00153023,1,0.991
NCT00153023,8,0.9876
NCT00153023,16,0.9763
NCT00153023,21,0.9751
NCT00153023,25,0.9695
NCT00153023,29,0.9537
NCT00153023,32,0.9525
NCT00153023,37,0.9379
NCT00153023,41,0.9345
NCT00153023,62,0.922
NCT00153023,66,0.9186
NCT00153023,67,0.9141
NCT00153023,71,0.9096
NCT00153023,81,0.9085
NCT00153023,130,0.8825
NCT00153023,148,0.8757
NCT00153023,175,0.8723
NCT00153023,195,0.8588
NCT00153023,258,0.8418
NCT00153023,263,0.8373
NCT00153023,279,0.8339
NCT00153023,292,0.826
NCT00153023,320,0.8249
NCT00153023,336,0.8169
NCT00153023,358,0.8145
NCT00153023,362,0.8115
NCT00153023,419,0.8115
NCT00153088,4,0.9981
NCT00153088,18,0.9867
NCT00153088,54,0.9734
NCT00153088,60,0.9602
NCT00153088,85,0.9507
NCT00153088,189,0.9298
NCT00153088,196,0.9203
NCT00153088,273,0.907
NCT00153088,309,0.8918
NCT00153088,356,0.8918
NCT00153088,364,0.8859
NCT00153088,385,0.8859
NCT00153088,396,0.8761
NCT00153088,419,0.8761
NCT00153088,420,0.8677
NCT00153088,424,0.8616
NCT00153088,446,0.8616
NCT00153088,449,0.8415
NCT00153088,474,0.8415
NCT00153088,487,0.8209
NCT00153088,534,0.8163
NCT00153088,535,0.8112
NCT00153088,549,0.8061
NCT00153088,565,0.8061
NCT00153088,566,0.8008
NCT00153088,595,0.8008
NCT00153088,598,0.7951
NCT00153088,846,0.7951
NCT00168831,1,0.994
NCT00168831,8,0.9791
NCT00168831,13,0.9633
NCT00168831,14,0.9533
NCT00168831,17,0.9464
NCT00168831,27,0.9325
NCT00168831,32,0.9305
NCT00168831,35,0.9235
NCT00168831,52,0.9086
NCT00168831,55,0.9027
NCT00168831,56,0.8957
NCT00168831,72,0.8808
NCT00168831,80,0.8798
NCT00168831,110,0.862
NCT00168831,112,0.857
NCT00168831,118,0.855
NCT00168831,124,0.8471
NCT00168831,221,0.8004
NCT00168831,225,0.7905
NCT00168831,232,0.7865
NCT00168831,264,0.7756
NCT00168831,287,0.7617
NCT00168831,314,0.7527
NCT00168831,335,0.7516
NCT00168831,341,0.7443
NCT00168831,348,0.7443
NCT00168831,349,0.7349
NCT00168831,443,0.7349
NCT00168844,1,0.9939
NCT00168844,11,0.9817
NCT00168844,12,0.9786
NCT00168844,13,0.9654
NCT00168844,15,0.9573
NCT00168844,18,0.9532
NCT00168844,39,0.94
NCT00168844,47,0.9379
NCT00168844,55,0.9257
NCT00168844,56,0.9186
NCT00168844,60,0.9145
NCT00168844,92,0.9023
NCT00168844,107,0.8922
NCT00168844,112,0.885
NCT00168844,124,0.8779
NCT00168844,129,0.8718
NCT00168844,141,0.8708
NCT00168844,151,0.8647
NCT00168844,160,0.8637
NCT00168844,230,0.8311
NCT00168844,278,0.8159
NCT00168844,282,0.8118
NCT00168844,312,0.8037
NCT00168844,328,0.8037
NCT00168844,336,0.8015
NCT00168844,338,0.7966
NCT00168844,449,0.7966
NCT00168857,1,0.9942
NCT00168857,11,0.9919
NCT00168857,14,0.9802
NCT00168857,31,0.9605
NCT00168857,49,0.9523
NCT00168857,54,0.9465
NCT00168857,55,0.9395
NCT00168857,65,0.9314
NCT00168857,75,0.9302
NCT00168857,88,0.9174
NCT00168857,117,0.9128
NCT00168857,132,0.9035
NCT00168857,152,0.8988
NCT00168857,172,0.886
NCT00168857,190,0.8814
NCT00168857,203,0.8698
NCT00168857,272,0.8488
NCT00168857,276,0.843
NCT00168857,284,0.8419
NCT00168857,289,0.836
NCT00168857,301,0.8326
NCT00168857,338,0.8104
NCT00168857,354,0.808
NCT00168857,362,0.8026
NCT00168857,363,0.8008
NCT00168857,364,0.7932
NCT00168857,433,0.7932
NCT00239421,1,0.9983
NCT00239421,2,0.9967
NCT00239421,5,0.995
NCT00239421,9,0.9917
NCT00239421,12,0.9901
NCT00239421,13,0.9851
NCT00239421,15,0.9818
NCT00239421,20,0.9802
NCT00239421,21,0.9785
NCT00239421,24,0.9769
NCT00239421,26,0.9752
NCT00239421,27,0.9736
NCT00239421,28,0.9736
NCT00239421,29,0.9719
NCT00239421,33,0.9702
NCT00239421,35,0.9669
NCT00239421,36,0.9636
NCT00239421,40,0.9636
NCT00239421,41,0.9584
NCT00239421,70,0.9584
NCT00274014,1,0.999
NCT00274014,11,0.9871
NCT00274014,14,0.9772
NCT00274014,18,0.9712
NCT00274014,39,0.9523
NCT00274014,40,0.9494
NCT00274014,42,0.9275
NCT00274014,44,0.9245
NCT00274014,64,0.9096
NCT00274014,75,0.9067
NCT00274014,83,0.8987
NCT00274014,84,0.8908
NCT00274014,95,0.8818
NCT00274014,124,0.8759
NCT00274014,163,0.858
NCT00274014,173,0.8481
NCT00274014,176,0.8381
NCT00274014,183,0.8302
NCT00274014,198,0.8232
NCT00274014,239,0.8153
NCT00274014,267,0.7835
NCT00274014,299,0.7676
NCT00274014,333,0.7594
NCT00274014,347,0.7491
NCT00274014,348,0.7407
NCT00274014,350,0.7371
NCT00274014,583,0.7371
NCT00274053,1,0.9982
NCT00274053,4,0.9927
NCT00274053,11,0.9873
NCT00274053,21,0.9745
NCT00274053,27,0.9727
NCT00274053,32,0.9655
NCT00274053,40,0.96
NCT00274053,42,0.9545
NCT00274053,47,0.9491
NCT00274053,49,0.9418
NCT00274053,66,0.9327
NCT00274053,67,0.9291
NCT00274053,73,0.9218
NCT00274053,77,0.9073
NCT00274053,88,0.8964
NCT00274053,90,0.8873
NCT00274053,97,0.8818
NCT00274053,100,0.8727
NCT00274053,108,0.8691
NCT00274053,115,0.86
NCT00274053,122,0.8582
NCT00274053,123,0.8545
NCT00274053,180,0.8436
NCT00274053,182,0.8382
NCT00274053,192,0.8272
NCT00274053,235,0.8072
NCT00274053,253,0.8034
NCT00274053,323,0.8034
NCT00274079,1,0.9975
NCT00274079,3,0.9949
NCT00274079,4,0.9873
NCT00274079,6,0.9772
NCT00274079,7,0.9747
NCT00274079,8,0.9696
NCT00274079,12,0.962
NCT00274079,14,0.9519
NCT00274079,17,0.9494
NCT00274079,18,0.9468
NCT00274079,24,0.9443
NCT00274079,29,0.9367
NCT00274079,33,0.9342
NCT00274079,34,0.9316
NCT00274079,37,0.9291
NCT00274079,38,0.9266
NCT00274079,39,0.919
NCT00274079,41,0.9165
NCT00274079,45,0.9063
NCT00274079,50,0.9013
NCT00274079,51,0.8987
NCT00274079,62,0.8937
NCT00274079,63,0.8911
NCT00274079,66,0.8911
NCT00274079,70,0.8832
NCT00274079,76,0.8832
NCT00274079,80,0.8713
NCT00274079,101,0.8713
NCT00274547,1,0.9934
NCT00274547,3,0.9885
NCT00274547,5,0.9781
NCT00274547,11,0.971
NCT00274547,21,0.9508
NCT00274547,27,0.942
NCT00274547,28,0.9371
NCT00274547,31,0.9344
NCT00274547,35,0.9256
NCT00274547,39,0.9196
NCT00274547,47,0.912
NCT00274547,54,0.8983
NCT00274547,62,0.8912
NCT00274547,74,0.8715
NCT00274547,88,0.8595
NCT00274547,91,0.8518
NCT00274547,98,0.8409
NCT00274547,119,0.8245
NCT00274547,122,0.8207
NCT00274547,127,0.819
NCT00274547,129,0.8157
NCT00274547,143,0.8114
NCT00274547,148,0.807
NCT00274547,157,0.8048
NCT00274547,163,0.7993
NCT00274547,173,0.7949
NCT00274547,182,0.7868
NCT00274547,231,0.7868
NCT00274560,1,0.9908
NCT00274560,2,0.9862
NCT00274560,6,0.9832
NCT00274560,8,0.9755
NCT00274560,14,0.9632
NCT00274560,18,0.9602
NCT00274560,21,0.9541
NCT00274560,24,0.9525
NCT00274560,26,0.9479
NCT00274560,38,0.9418
NCT00274560,40,0.9387
NCT00274560,41,0.9326
NCT00274560,46,0.925
NCT00274560,57,0.9219
NCT00274560,63,0.9173
NCT00274560,68,0.9158
NCT00274560,71,0.9127
NCT00274560,72,0.9096
NCT00274560,76,0.9096
NCT00274560,78,0.9081
NCT00274560,81,0.8995
NCT00274560,83,0.8995
NCT00274560,85,0.8916
NCT00274560,87,0.8916
NCT00274560,88,0.8851
NCT00274560,110,0.8851
NCT00274599,1,0.9951
NCT00274599,5,0.9926
NCT00274599,6,0.9889
NCT00274599,10,0.9852
NCT00274599,13,0.9803
NCT00274599,14,0.9766
NCT00274599,16,0.9729
NCT00274599,19,0.9704
NCT00274599,21,0.9655
NCT00274599,24,0.9618
NCT00274599,26,0.9569
NCT00274599,31,0.952
NCT00274599,48,0.9446
NCT00274599,52,0.9409
NCT00274599,54,0.9347
NCT00274599,56,0.9261
NCT00274599,60,0.9224
NCT00274599,61,0.92
NCT00274599,63,0.92
NCT00274599,68,0.9126
NCT00274599,69,0.9101
NCT00274599,70,0.9052
NCT00274599,71,0.9039
NCT00274599,78,0.9002
NCT00274599,81,0.8978
NCT00274599,83,0.8941
NCT00274599,90,0.8916
NCT00274599,138,0.8916
NCT00274612,1,0.9975
NCT00274612,11,0.9913
NCT00274612,13,0.9863
NCT00274612,14,0.9825
NCT00274612,17,0.9788
NCT00274612,19,0.9775
NCT00274612,21,0.9738
NCT00274612,23,0.9725
NCT00274612,24,0.97
NCT00274612,32,0.9663
NCT00274612,34,0.9638
NCT00274612,44,0.9625
NCT00274612,45,0.96
NCT00274612,47,0.9576
NCT00274612,53,0.9551
NCT00274612,55,0.9426
NCT00274612,56,0.9338
NCT00274612,61,0.9276
NCT00274612,64,0.9201
NCT00274612,69,0.9151
NCT00274612,83,0.9063
NCT00274612,85,0.9038
NCT00274612,89,0.9038
NCT00274612,91,0.9012
NCT00274612,93,0.9012
NCT00274612,95,0.8999
NCT00274612,96,0.8971
NCT00274612,131,0.8971
NCT00277264,1,0.9967
NCT00277264,5,0.9858
NCT00277264,6,0.9781
NCT00277264,10,0.9693
NCT00277264,14,0.9485
NCT00277264,30,0.9244
NCT00277264,54,0.9025
NCT00277264,72,0.8927
NCT00277264,75,0.8883
NCT00277264,76,0.8806
NCT00277264,78,0.874
NCT00277264,101,0.862
NCT00277264,113,0.8499
NCT00277264,140,0.839
NCT00277264,146,0.8313
NCT00277264,167,0.8182
NCT00277264,203,0.8083
NCT00277264,211,0.7985
NCT00277264,226,0.7886
NCT00277264,247,0.7798
NCT00277264,270,0.7766
NCT00277264,274,0.7722
NCT00277264,287,0.77
NCT00277264,314,0.77
NCT00277264,322,0.7643
NCT00277264,334,0.763
NCT00277264,335,0.7594
NCT00277264,393,0.7594
NCT00321854,2,0.9981
NCT00321854,27,0.9776
NCT00321854,35,0.9645
NCT00321854,51,0.9533
NCT00321854,61,0.9364
NCT00321854,83,0.9178
NCT00321854,92,0.8972
NCT00321854,101,0.8935
NCT00321854,119,0.8729
NCT00321854,140,0.8673
NCT00321854,160,0.8542
NCT00321854,169,0.8411
NCT00321854,185,0.8336
NCT00321854,197,0.8224
NCT00321854,222,0.8112
NCT00321854,231,0.8019
NCT00321854,246,0.8
NCT00321854,253,0.7888
NCT00321854,294,0.77
NCT00321854,312,0.753
NCT00321854,343,0.7472
NCT00321854,352,0.7384
NCT00321854,364,0.7384
NCT00321854,387,0.729
NCT00321854,412,0.729
NCT00321854,416,0.7235
NCT00321854,500,0.7235
NCT00384930,2,0.9953
NCT00384930,5,0.9934
NCT00384930,6,0.9886
NCT00384930,8,0.9839
NCT00384930,11,0.9801
NCT00384930,13,0.9754
NCT00384930,26,0.964
NCT00384930,27,0.9602
NCT00384930,28,0.9489
NCT00384930,29,0.9413
NCT00384930,32,0.9337
NCT00384930,33,0.929
NCT00384930,35,0.928
NCT00384930,37,0.9223
NCT00384930,47,0.9148
NCT00384930,49,0.911
NCT00384930,53,0.9081
NCT00384930,55,0.9044
NCT00384930,56,0.8968
NCT00384930,57,0.892
NCT00384930,59,0.8883
NCT00384930,63,0.8854
NCT00384930,66,0.8797
NCT00384930,70,0.8759
NCT00384930,71,0.8731
NCT00384930,82,0.8672
NCT00384930,84,0.8616
NCT00384930,192,0.8616
NCT00402233,3,0.9968
NCT00402233,4,0.9904
NCT00402233,11,0.9871
NCT00402233,13,0.9807
NCT00402233,16,0.9743
NCT00402233,17,0.9711
NCT00402233,18,0.9582
NCT00402233,20,0.955
NCT00402233,22,0.9357
NCT00402233,24,0.9325
NCT00402233,25,0.9293
NCT00402233,27,0.926
NCT00402233,28,0.9228
NCT00402233,31,0.9196
NCT00402233,32,0.9164
NCT00402233,34,0.9132
NCT00402233,35,0.9068
NCT00402233,42,0.9035
NCT00402233,45,0.9003
NCT00402233,49,0.8971
NCT00402233,51,0.8939
NCT00402233,62,0.8907
NCT00402233,67,0.8875
NCT00402233,68,0.8842
NCT00402233,70,0.881
NCT00402233,100,0.881
NCT00466167,1,0.9981
NCT00466167,2,0.9961
NCT00466167,3,0.9903
NCT00466167,7,0.9826
NCT00466167,30,0.9632
NCT00466167,35,0.9536
NCT00466167,43,0.9516
NCT00466167,49,0.9439
NCT00466167,55,0.94
NCT00466167,58,0.9304
NCT00466167,68,0.9246
NCT00466167,79,0.9226
NCT00466167,80,0.9188
NCT00466167,112,0.9052
NCT00466167,128,0.9014
NCT00466167,140,0.893
NCT00466167,148,0.893
NCT00466167,155,0.8868
NCT00466167,158,0.8868
NCT00466167,162,0.8803
NCT00466167,179,0.878
NCT00466167,182,0.8733
NCT00466167,195,0.8733
NCT00466167,196,0.8709
NCT00466167,201,0.8684
NCT00466167,230,0.8684
NCT00466167,231,0.8647
NCT00466167,273,0.8647
NCT00472199,1,0.9939
NCT00472199,7,0.9635
NCT00472199,13,0.9574
NCT00472199,20,0.9362
NCT00472199,21,0.924
NCT00472199,24,0.9149
NCT00472199,27,0.8906
NCT00472199,28,0.8663
NCT00472199,32,0.8602
NCT00472199,34,0.848
NCT00472199,40,0.845
NCT00472199,41,0.8298
NCT00472199,47,0.8176
NCT00472199,49,0.8085
NCT00472199,71,0.7933
NCT00472199,72,0.7872
NCT00472199,82,0.7812
NCT00472199,83,0.769
NCT00472199,88,0.7599
NCT00472199,101,0.7508
NCT00472199,104,0.7416
NCT00472199,125,0.7325
NCT00472199,128,0.7234
NCT00472199,158,0.7142
NCT00472199,179,0.7142
NCT00472199,180,0.7105
NCT00472199,209,0.7105
NCT00479401,1,0.9926
NCT00479401,3,0.9814
NCT00479401,6,0.9759
NCT00479401,7,0.9703
NCT00479401,13,0.9666
NCT00479401,14,0.961
NCT00479401,19,0.9555
NCT00479401,27,0.9518
NCT00479401,28,0.9443
NCT00479401,34,0.9388
NCT00479401,35,0.9332
NCT00479401,41,0.9276
NCT00479401,43,0.9221
NCT00479401,66,0.9072
NCT00479401,70,0.9017
NCT00479401,79,0.898
NCT00479401,81,0.8924
NCT00479401,87,0.8868
NCT00479401,90,0.8794
NCT00479401,92,0.8701
NCT00479401,164,0.8367
NCT00479401,194,0.8312
NCT00479401,196,0.8275
NCT00479401,201,0.8256
NCT00479401,229,0.8219
NCT00479401,230,0.8196
NCT00479401,268,0.8196
NCT00525512,1,0.9942
NCT00525512,22,0.9653
NCT00525512,54,0.9538
NCT00525512,62,0.9326
NCT00525512,64,0.9191
NCT00525512,71,0.9133
NCT00525512,73,0.8882
NCT00525512,76,0.8805
NCT00525512,95,0.8748
NCT00525512,121,0.8516
NCT00525512,137,0.8497
NCT00525512,146,0.8401
NCT00525512,218,0.8285
NCT00525512,224,0.815
NCT00525512,234,0.8092
NCT00525512,335,0.7958
NCT00525512,345,0.7823
NCT00525512,435,0.7649
NCT00525512,464,0.7418
NCT00525512,558,0.7303
NCT00525512,565,0.7168
NCT00525512,596,0.7071
NCT00525512,670,0.6994
NCT00525512,677,0.6935
NCT00525512,678,0.6849
NCT00525512,703,0.6849
NCT00525512,707,0.6088
NCT00525512,731,0.6088
NCT00563381,1,0.9962
NCT00563381,4,0.9936
NCT00563381,14,0.9809
NCT00563381,18,0.9776
NCT00563381,21,0.9736
NCT00563381,26,0.9699
NCT00563381,35,0.9596
NCT00563381,48,0.9519
NCT00563381,54,0.947
NCT00563381,63,0.9314
NCT00563381,71,0.9246
NCT00563381,96,0.9142
NCT00563381,110,0.9098
NCT00563381,118,0.9048
NCT00563381,121,0.9003
NCT00563381,126,0.8956
NCT00563381,137,0.8903
NCT00563381,142,0.8895
NCT00563381,156,0.8837
NCT00563381,172,0.8809
NCT00563381,202,0.8725
NCT00563381,218,0.8654
NCT00563381,234,0.8621
NCT00563381,245,0.8546
NCT00563381,293,0.8428
NCT00563381,320,0.8401
NCT00563381,358,0.8329
NCT00563381,412,0.8329
NCT00601250,1,0.9971
NCT00601250,13,0.9929
NCT00601250,15,0.99
NCT00601250,19,0.9871
NCT00601250,27,0.9786
NCT00601250,40,0.9771
NCT00601250,46,0.9729
NCT00601250,49,0.9686
NCT00601250,59,0.9657
NCT00601250,62,0.9629
NCT00601250,69,0.96
NCT00601250,84,0.9586
NCT00601250,96,0.9486
NCT00601250,126,0.9443
NCT00601250,127,0.9429
NCT00601250,137,0.94
NCT00601250,150,0.9386
NCT00601250,153,0.9343
NCT00601250,164,0.9328
NCT00601250,165,0.9314
NCT00601250,166,0.9314
NCT00601250,167,0.9284
NCT00601250,173,0.9284
NCT00601250,174,0.9245
NCT00601250,207,0.9245
NCT00602472,2,0.9991
NCT00602472,11,0.9934
NCT00602472,21,0.9905
NCT00602472,30,0.9829
NCT00602472,39,0.982
NCT00602472,40,0.981
NCT00602472,41,0.9782
NCT00602472,62,0.9725
NCT00602472,68,0.9697
NCT00602472,82,0.9668
NCT00602472,85,0.9621
NCT00602472,95,0.9564
NCT00602472,98,0.9526
NCT00602472,100,0.9517
NCT00602472,110,0.9488
NCT00602472,123,0.9479
NCT00602472,126,0.9441
NCT00602472,131,0.9412
NCT00602472,133,0.9384
NCT00602472,145,0.9336
NCT00602472,163,0.9327
NCT00602472,168,0.9287
NCT00602472,173,0.9287
NCT00602472,175,0.9215
NCT00602472,213,0.9215
NCT00622284,1,0.9987
NCT00622284,12,0.9877
NCT00622284,25,0.9832
NCT00622284,28,0.9768
NCT00622284,33,0.9749
NCT00622284,40,0.9652
NCT00622284,59,0.9555
NCT00622284,83,0.9342
NCT00622284,113,0.9233
NCT00622284,122,0.911
NCT00622284,188,0.8988
NCT00622284,213,0.8878
NCT00622284,270,0.8788
NCT00622284,302,0.8614
NCT00622284,307,0.8562
NCT00622284,363,0.8433
NCT00622284,379,0.8349
NCT00622284,427,0.8272
NCT00622284,477,0.8137
NCT00622284,543,0.8098
NCT00622284,561,0.8027
NCT00622284,632,0.793
NCT00622284,650,0.7859
NCT00622284,653,0.7814
NCT00622284,672,0.7756
NCT00622284,718,0.7698
NCT00622284,803,0.7698
NCT00641043,1,0.9949
NCT00641043,4,0.9923
NCT00641043,6,0.9897
NCT00641043,9,0.9846
NCT00641043,11,0.9794
NCT00641043,32,0.9743
NCT00641043,46,0.9692
NCT00641043,50,0.9589
NCT00641043,53,0.9563
NCT00641043,60,0.9537
NCT00641043,61,0.9512
NCT00641043,64,0.9486
NCT00641043,72,0.946
NCT00641043,84,0.9434
NCT00641043,87,0.9409
NCT00641043,98,0.9383
NCT00641043,104,0.9357
NCT00641043,126,0.9332
NCT00641043,132,0.9306
NCT00641043,134,0.928
NCT00641043,139,0.9254
NCT00641043,164,0.9254
NCT00641043,165,0.9228
NCT00641043,166,0.9228
NCT00641043,167,0.9172
NCT00641043,168,0.9172
NCT00641043,169,0.9106
NCT00641043,194,0.9106
NCT00654381,192,0.9981
NCT00654381,193,0.9962
NCT00654381,203,0.9943
NCT00654381,221,0.9924
NCT00654381,224,0.9866
NCT00654381,236,0.9847
NCT00654381,240,0.9828
NCT00654381,247,0.9809
NCT00654381,248,0.979
NCT00654381,251,0.9771
NCT00654381,252,0.9713
NCT00654381,253,0.9694
NCT00654381,257,0.9675
NCT00654381,258,0.9656
NCT00654381,260,0.9637
NCT00654381,277,0.9618
NCT00654381,279,0.9598
NCT00654381,286,0.9579
NCT00654381,292,0.9541
NCT00654381,298,0.9522
NCT00654381,302,0.9484
NCT00654381,310,0.9465
NCT00654381,345,0.9446
NCT00654381,370,0.9446
NCT00734474,2,0.9991
NCT00734474,13,0.9918
NCT00734474,14,0.9781
NCT00734474,15,0.9745
NCT00734474,29,0.9563
NCT00734474,50,0.9426
NCT00734474,63,0.9226
NCT00734474,81,0.9153
NCT00734474,85,0.9071
NCT00734474,117,0.8953
NCT00734474,149,0.8743
NCT00734474,181,0.8652
NCT00734474,184,0.8543
NCT00734474,206,0.8342
NCT00734474,272,0.816
NCT00734474,312,0.7832
NCT00734474,363,0.7696
NCT00734474,373,0.7523
NCT00734474,396,0.7413
NCT00734474,414,0.725
NCT00734474,492,0.6867
NCT00734474,542,0.673
NCT00734474,554,0.6576
NCT00734474,590,0.6384
NCT00734474,631,0.633
NCT00734474,645,0.623
NCT00734474,707,0.6056
NCT00734474,893,0.6046
NCT00740051,4,0.9956
NCT00740051,40,0.9824
NCT00740051,41,0.978
NCT00740051,50,0.9648
NCT00740051,63,0.9515
NCT00740051,76,0.9471
NCT00740051,96,0.9207
NCT00740051,125,0.9119
NCT00740051,127,0.9031
NCT00740051,132,0.8987
NCT00740051,134,0.8899
NCT00740051,139,0.8811
NCT00740051,167,0.8722
NCT00740051,194,0.859
NCT00740051,203,0.8502
NCT00740051,217,0.8458
NCT00740051,218,0.8414
NCT00740051,245,0.8282
NCT00740051,247,0.8238
NCT00740051,285,0.8194
NCT00740051,290,0.815
NCT00740051,292,0.8062
NCT00740051,323,0.7885
NCT00740051,357,0.7885
NCT00740051,358,0.784
NCT00740051,370,0.784
NCT00740051,371,0.7513
NCT00740051,384,0.7513
NCT00772538,1,0.9935
NCT00772538,5,0.9913
NCT00772538,16,0.9804
NCT00772538,26,0.9782
NCT00772538,27,0.9739
NCT00772538,29,0.9695
NCT00772538,56,0.9608
NCT00772538,64,0.9564
NCT00772538,107,0.9477
NCT00772538,116,0.9412
NCT00772538,155,0.939
NCT00772538,169,0.9368
NCT00772538,171,0.9346
NCT00772538,182,0.9325
NCT00772538,204,0.9303
NCT00772538,205,0.9281
NCT00772538,212,0.9259
NCT00772538,270,0.9194
NCT00772538,273,0.915
NCT00772538,282,0.9129
NCT00772538,316,0.9085
NCT00772538,319,0.9041
NCT00772538,321,0.9041
NCT00772538,322,0.9019
NCT00772538,334,0.9019
NCT00772538,335,0.8991
NCT00772538,411,0.8991
NCT00776984,7,0.9978
NCT00776984,27,0.9956
NCT00776984,36,0.9912
NCT00776984,38,0.9868
NCT00776984,57,0.9845
NCT00776984,65,0.9779
NCT00776984,81,0.9735
NCT00776984,93,0.9669
NCT00776984,105,0.9647
NCT00776984,121,0.9558
NCT00776984,148,0.9492
NCT00776984,152,0.9448
NCT00776984,166,0.9404
NCT00776984,168,0.936
NCT00776984,171,0.9338
NCT00776984,178,0.9316
NCT00776984,223,0.9294
NCT00776984,226,0.9205
NCT00776984,231,0.9161
NCT00776984,257,0.9073
NCT00776984,279,0.9051
NCT00776984,280,0.9029
NCT00776984,287,0.8985
NCT00776984,300,0.8962
NCT00776984,311,0.8918
NCT00776984,327,0.8918
NCT00776984,328,0.8874
NCT00776984,433,0.8874
NCT00782210,1,0.9952
NCT00782210,6,0.9872
NCT00782210,11,0.984
NCT00782210,14,0.9712
NCT00782210,18,0.9647
NCT00782210,35,0.9567
NCT00782210,44,0.9375
NCT00782210,81,0.9199
NCT00782210,87,0.9103
NCT00782210,115,0.9038
NCT00782210,126,0.891
NCT00782210,161,0.8814
NCT00782210,167,0.8782
NCT00782210,168,0.8734
NCT00782210,175,0.8718
NCT00782210,177,0.8654
NCT00782210,205,0.8622
NCT00782210,221,0.8558
NCT00782210,231,0.8478
NCT00782210,276,0.8365
NCT00782210,299,0.8253
NCT00782210,328,0.8173
NCT00782210,334,0.8121
NCT00782210,343,0.8121
NCT00782210,344,0.7889
NCT00782210,348,0.7889
NCT00782210,350,0.7473
NCT00782210,390,0.7473
NCT00782509,1,0.9984
NCT00782509,3,0.9969
NCT00782509,7,0.9891
NCT00782509,10,0.986
NCT00782509,11,0.9798
NCT00782509,18,0.972
NCT00782509,28,0.9642
NCT00782509,40,0.9595
NCT00782509,46,0.9517
NCT00782509,53,0.9455
NCT00782509,70,0.9408
NCT00782509,84,0.9346
NCT00782509,97,0.9221
NCT00782509,119,0.9112
NCT00782509,141,0.9065
NCT00782509,156,0.8988
NCT00782509,167,0.8972
NCT00782509,171,0.8941
NCT00782509,176,0.8847
NCT00782509,203,0.8754
NCT00782509,280,0.866
NCT00782509,286,0.8598
NCT00782509,298,0.8551
NCT00782509,334,0.8505
NCT00782509,336,0.8463
NCT00782509,342,0.8463
NCT00782509,343,0.8297
NCT00782509,429,0.8297
NCT00793624,1,0.9956
NCT00793624,16,0.9723
NCT00793624,23,0.9667
NCT00793624,34,0.9634
NCT00793624,41,0.9523
NCT00793624,42,0.9479
NCT00793624,62,0.9224
NCT00793624,67,0.918
NCT00793624,83,0.9146
NCT00793624,84,0.9102
NCT00793624,88,0.9091
NCT00793624,92,0.9024
NCT00793624,99,0.9013
NCT00793624,114,0.8891
NCT00793624,142,0.8792
NCT00793624,150,0.8736
NCT00793624,164,0.8714
NCT00793624,195,0.8514
NCT00793624,216,0.8481
NCT00793624,223,0.8448
NCT00793624,230,0.837
NCT00793624,263,0.8226
NCT00793624,306,0.8149
NCT00793624,335,0.8149
NCT00793624,342,0.813
NCT00793624,343,0.8017
NCT00793624,370,0.8017
NCT00798161,1,0.9975
NCT00798161,3,0.9937
NCT00798161,12,0.9861
NCT00798161,13,0.981
NCT00798161,19,0.9697
NCT00798161,34,0.9608
NCT00798161,36,0.957
NCT00798161,40,0.9545
NCT00798161,41,0.952
NCT00798161,46,0.9469
NCT00798161,49,0.9418
NCT00798161,50,0.9355
NCT00798161,55,0.9317
NCT00798161,65,0.9279
NCT00798161,77,0.9191
NCT00798161,84,0.9166
NCT00798161,89,0.9128
NCT00798161,93,0.9064
NCT00798161,131,0.8938
NCT00798161,137,0.8862
NCT00798161,145,0.8824
NCT00798161,150,0.8824
NCT00798161,154,0.8799
NCT00798161,169,0.8773
NCT00798161,170,0.8722
NCT00798161,171,0.8722
NCT00798161,172,0.869
NCT00798161,190,0.869
NCT00800683,1,0.9923
NCT00800683,10,0.9846
NCT00800683,27,0.9769
NCT00800683,29,0.9615
NCT00800683,35,0.9462
NCT00800683,46,0.9385
NCT00800683,47,0.9308
NCT00800683,51,0.9231
NCT00800683,61,0.9154
NCT00800683,67,0.9077
NCT00800683,74,0.9
NCT00800683,84,0.8846
NCT00800683,103,0.8769
NCT00800683,107,0.8692
NCT00800683,135,0.8462
NCT00800683,159,0.8385
NCT00800683,223,0.8231
NCT00800683,239,0.8077
NCT00800683,252,0.8
NCT00800683,258,0.7923
NCT00800683,269,0.7846
NCT00800683,271,0.7692
NCT00800683,286,0.7615
NCT00800683,293,0.7538
NCT00800683,333,0.7462
NCT00800683,359,0.7462
NCT00800683,361,0.7379
NCT00800683,395,0.7379
NCT00848081,4,0.9969
NCT00848081,9,0.9937
NCT00848081,12,0.9906
NCT00848081,14,0.9811
NCT00848081,15,0.978
NCT00848081,16,0.9717
NCT00848081,23,0.9686
NCT00848081,24,0.9654
NCT00848081,28,0.9591
NCT00848081,29,0.9528
NCT00848081,31,0.9497
NCT00848081,35,0.9465
NCT00848081,36,0.9434
NCT00848081,41,0.9403
NCT00848081,42,0.9371
NCT00848081,46,0.9308
NCT00848081,55,0.9214
NCT00848081,57,0.9151
NCT00848081,58,0.9088
NCT00848081,59,0.9057
NCT00848081,65,0.9025
NCT00848081,70,0.8994
NCT00848081,72,0.8931
NCT00848081,77,0.8899
NCT00848081,78,0.8867
NCT00848081,116,0.8867
NCT00855582,1,0.9983
NCT00855582,5,0.995
NCT00855582,12,0.9934
NCT00855582,13,0.9901
NCT00855582,14,0.9752
NCT00855582,15,0.9736
NCT00855582,16,0.967
NCT00855582,21,0.9604
NCT00855582,25,0.9587
NCT00855582,27,0.9538
NCT00855582,29,0.9389
NCT00855582,33,0.934
NCT00855582,35,0.9274
NCT00855582,47,0.9175
NCT00855582,52,0.9076
NCT00855582,55,0.9043
NCT00855582,56,0.901
NCT00855582,60,0.896
NCT00855582,61,0.8927
NCT00855582,63,0.8911
NCT00855582,81,0.8878
NCT00855582,82,0.8859
NCT00855582,83,0.8859
NCT00855582,84,0.8837
NCT00855582,126,0.8837
NCT00861757,8,0.9984
NCT00861757,11,0.9951
NCT00861757,12,0.9935
NCT00861757,14,0.9918
NCT00861757,15,0.9886
NCT00861757,16,0.9869
NCT00861757,18,0.9853
NCT00861757,20,0.982
NCT00861757,27,0.9771
NCT00861757,29,0.9608
NCT00861757,31,0.9575
NCT00861757,34,0.9559
NCT00861757,36,0.9526
NCT00861757,40,0.951
NCT00861757,52,0.9477
NCT00861757,55,0.9444
NCT00861757,57,0.9379
NCT00861757,58,0.9363
NCT00861757,60,0.9346
NCT00861757,61,0.9314
NCT00861757,64,0.9281
NCT00861757,65,0.9265
NCT00861757,70,0.9248
NCT00861757,71,0.9232
NCT00861757,76,0.9216
NCT00861757,79,0.9216
NCT00861757,80,0.9199
NCT00861757,120,0.9199
NCT00915772,1,0.9982
NCT00915772,12,0.9947
NCT00915772,13,0.9876
NCT00915772,14,0.9859
NCT00915772,20,0.9806
NCT00915772,42,0.977
NCT00915772,56,0.9576
NCT00915772,72,0.9505
NCT00915772,118,0.9488
NCT00915772,131,0.9452
NCT00915772,132,0.9399
NCT00915772,137,0.9329
NCT00915772,140,0.9223
NCT00915772,163,0.9117
NCT00915772,209,0.8993
NCT00915772,216,0.8905
NCT00915772,218,0.8852
NCT00915772,228,0.8834
NCT00915772,237,0.8746
NCT00915772,241,0.8675
NCT00915772,290,0.8551
NCT00915772,300,0.8445
NCT00915772,311,0.8251
NCT00915772,324,0.8163
NCT00915772,355,0.8092
NCT00915772,369,0.8092
NCT00915772,371,0.8055
NCT00915772,408,0.8055
NCT00926289,1,0.9989
NCT00926289,2,0.9977
NCT00926289,3,0.9955
NCT00926289,5,0.9932
NCT00926289,7,0.9842
NCT00926289,8,0.9831
NCT00926289,9,0.9797
NCT00926289,13,0.9764
NCT00926289,15,0.9752
NCT00926289,16,0.9718
NCT00926289,20,0.9617
NCT00926289,22,0.9572
NCT00926289,24,0.955
NCT00926289,28,0.9516
NCT00926289,30,0.9505
NCT00926289,31,0.9482
NCT00926289,33,0.9448
NCT00926289,34,0.9392
NCT00926289,35,0.9381
NCT00926289,36,0.9358
NCT00926289,39,0.9358
NCT00926289,41,0.9347
NCT00926289,63,0.9347
NCT00954447,1,0.9984
NCT00954447,33,0.9872
NCT00954447,52,0.9729
NCT00954447,54,0.9673
NCT00954447,82,0.9625
NCT00954447,84,0.9601
NCT00954447,90,0.9593
NCT00954447,92,0.9561
NCT00954447,101,0.9514
NCT00954447,122,0.9466
NCT00954447,129,0.9418
NCT00954447,148,0.9394
NCT00954447,165,0.9338
NCT00954447,167,0.933
NCT00954447,168,0.929
NCT00954447,169,0.9282
NCT00954447,184,0.9203
NCT00954447,215,0.9179
NCT00954447,244,0.9051
NCT00954447,259,0.9019
NCT00954447,281,0.9011
NCT00954447,302,0.8923
NCT00954447,348,0.886
NCT00954447,360,0.8819
NCT00954447,361,0.8811
NCT00954447,365,0.8666
NCT00954447,370,0.8644
NCT00954447,711,0.8644
NCT00970632,2,0.998
NCT00970632,6,0.9961
NCT00970632,8,0.9922
NCT00970632,14,0.9883
NCT00970632,22,0.9824
NCT00970632,23,0.9804
NCT00970632,26,0.9785
NCT00970632,28,0.9687
NCT00970632,29,0.9628
NCT00970632,30,0.9609
NCT00970632,32,0.9589
NCT00970632,33,0.9569
NCT00970632,37,0.953
NCT00970632,40,0.9511
NCT00970632,51,0.9472
NCT00970632,57,0.9354
NCT00970632,58,0.9315
NCT00970632,60,0.9276
NCT00970632,63,0.9256
NCT00970632,65,0.9237
NCT00970632,68,0.9217
NCT00970632,70,0.9139
NCT00970632,76,0.9139
NCT00970632,77,0.9099
NCT00970632,79,0.9099
NCT00970632,82,0.9034
NCT00970632,84,0.8939
NCT00970632,145,0.8939
NCT00975195,1,0.996
NCT00975195,24,0.9851
NCT00975195,25,0.9831
NCT00975195,35,0.9811
NCT00975195,40,0.9771
NCT00975195,42,0.967
NCT00975195,49,0.9598
NCT00975195,79,0.9477
NCT00975195,82,0.9453
NCT00975195,84,0.9396
NCT00975195,91,0.93
NCT00975195,122,0.9147
NCT00975195,126,0.9078
NCT00975195,134,0.901
NCT00975195,161,0.8942
NCT00975195,170,0.8877
NCT00975195,184,0.8817
NCT00975195,189,0.8753
NCT00975195,194,0.8728
NCT00975195,203,0.8716
NCT00975195,225,0.8632
NCT00975195,247,0.8592
NCT00975195,252,0.8539
NCT00975195,300,0.8398
NCT00975195,342,0.8221
NCT00975195,347,0.8181
NCT00975195,363,0.8158
NCT00975195,487,0.8158
NCT00996658,1,0.9963
NCT00996658,5,0.9926
NCT00996658,31,0.9853
NCT00996658,42,0.9743
NCT00996658,47,0.9706
NCT00996658,55,0.9669
NCT00996658,56,0.9632
NCT00996658,67,0.9596
NCT00996658,77,0.9559
NCT00996658,78,0.9522
NCT00996658,88,0.9338
NCT00996658,89,0.9301
NCT00996658,93,0.9265
NCT00996658,98,0.9228
NCT00996658,102,0.9191
NCT00996658,111,0.9154
NCT00996658,113,0.9118
NCT00996658,122,0.9044
NCT00996658,126,0.9007
NCT00996658,128,0.8971
NCT00996658,143,0.8934
NCT00996658,156,0.8934
NCT00996658,158,0.8897
NCT00996658,215,0.8897
NCT01064687,5,0.999
NCT01064687,13,0.998
NCT01064687,16,0.9908
NCT01064687,28,0.9836
NCT01064687,33,0.9785
NCT01064687,35,0.9744
NCT01064687,49,0.9723
NCT01064687,57,0.9672
NCT01064687,70,0.9662
NCT01064687,89,0.9611
NCT01064687,101,0.9549
NCT01064687,131,0.9518
NCT01064687,134,0.9488
NCT01064687,166,0.9447
NCT01064687,238,0.9211
NCT01064687,272,0.917
NCT01064687,295,0.9068
NCT01064687,311,0.9027
NCT01064687,343,0.8975
NCT01064687,360,0.8975
NCT01064687,363,0.8962
NCT01064687,365,0.8918
NCT01064687,367,0.8918
NCT01064687,368,0.8873
NCT01064687,432,0.8873
NCT01075282,3,0.9988
NCT01075282,18,0.9876
NCT01075282,30,0.9827
NCT01075282,36,0.9727
NCT01075282,56,0.969
NCT01075282,64,0.9653
NCT01075282,98,0.9628
NCT01075282,111,0.9591
NCT01075282,148,0.9554
NCT01075282,181,0.943
NCT01075282,241,0.9368
NCT01075282,261,0.9318
NCT01075282,306,0.9306
NCT01075282,308,0.9281
NCT01075282,351,0.9269
NCT01075282,381,0.9219
NCT01075282,427,0.9195
NCT01075282,439,0.9145
NCT01075282,457,0.9133
NCT01075282,462,0.9108
NCT01075282,484,0.9095
NCT01075282,508,0.9046
NCT01075282,542,0.9033
NCT01075282,545,0.9019
NCT01075282,546,0.8953
NCT01075282,549,0.8953
NCT01075282,550,0.8909
NCT01075282,608,0.8909
NCT01084005,10,0.9959
NCT01084005,15,0.9917
NCT01084005,19,0.9876
NCT01084005,21,0.9834
NCT01084005,26,0.9793
NCT01084005,41,0.9751
NCT01084005,44,0.971
NCT01084005,54,0.9668
NCT01084005,75,0.9627
NCT01084005,80,0.9585
NCT01084005,86,0.9544
NCT01084005,113,0.9502
NCT01084005,119,0.9461
NCT01084005,126,0.9378
NCT01084005,129,0.9336
NCT01084005,136,0.9295
NCT01084005,138,0.9253
NCT01084005,150,0.9212
NCT01084005,164,0.9212
NCT01084005,165,0.9159
NCT01084005,171,0.9159
NCT01084005,172,0.8924
NCT01084005,189,0.8924
NCT01087502,1,0.9915
NCT01087502,8,0.9872
NCT01087502,9,0.983
NCT01087502,50,0.9745
NCT01087502,60,0.9617
NCT01087502,79,0.9532
NCT01087502,83,0.9447
NCT01087502,87,0.9404
NCT01087502,88,0.9362
NCT01087502,98,0.9277
NCT01087502,100,0.9191
NCT01087502,104,0.9149
NCT01087502,125,0.9021
NCT01087502,132,0.8936
NCT01087502,147,0.8851
NCT01087502,148,0.8809
NCT01087502,210,0.8596
NCT01087502,217,0.8511
NCT01087502,265,0.834
NCT01087502,278,0.8255
NCT01087502,291,0.8213
NCT01087502,293,0.817
NCT01087502,311,0.8128
NCT01087502,327,0.8043
NCT01087502,335,0.7957
NCT01087502,343,0.7915
NCT01087502,345,0.7872
NCT01087502,381,0.7872
NCT01126437,1,0.9947
NCT01126437,14,0.9819
NCT01126437,40,0.9692
NCT01126437,49,0.9603
NCT01126437,95,0.9385
NCT01126437,159,0.9217
NCT01126437,181,0.9122
NCT01126437,247,0.8986
NCT01126437,268,0.8903
NCT01126437,334,0.8784
NCT01126437,348,0.8721
NCT01126437,413,0.8587
NCT01126437,441,0.8489
NCT01126437,489,0.8408
NCT01126437,518,0.8299
NCT01126437,680,0.7996
NCT01126437,831,0.7773
NCT01126437,877,0.7638
NCT01126437,923,0.7565
NCT01126437,954,0.7356
NCT01126437,972,0.7294
NCT01126437,1009,0.726
NCT01126437,1010,0.7192
NCT01126437,1015,0.7192
NCT01126437,1016,0.6967
NCT01126437,1017,0.6967
NCT01126437,1018,0.6636
NCT01126437,1026,0.6636
NCT01126580,4,0.9988
NCT01126580,7,0.9938
NCT01126580,12,0.9913
NCT01126580,16,0.9839
NCT01126580,26,0.9777
NCT01126580,33,0.969
NCT01126580,37,0.9678
NCT01126580,42,0.9591
NCT01126580,84,0.948
NCT01126580,90,0.9442
NCT01126580,98,0.9343
NCT01126580,132,0.917
NCT01126580,138,0.9095
NCT01126580,151,0.9058
NCT01126580,160,0.8996
NCT01126580,176,0.8971
NCT01126580,190,0.8835
NCT01126580,202,0.8798
NCT01126580,206,0.8748
NCT01126580,251,0.8625
NCT01126580,281,0.8451
NCT01126580,302,0.8414
NCT01126580,323,0.8327
NCT01126580,336,0.8327
NCT01126580,342,0.8277
NCT01126580,370,0.8261
NCT01126580,371,0.8195
NCT01126580,461,0.8195
NCT01159600,1,0.9969
NCT01159600,9,0.99
NCT01159600,11,0.9862
NCT01159600,18,0.9847
NCT01159600,21,0.9831
NCT01159600,30,0.9816
NCT01159600,31,0.98
NCT01159600,40,0.9747
NCT01159600,44,0.9701
NCT01159600,55,0.967
NCT01159600,58,0.9647
NCT01159600,65,0.9624
NCT01159600,75,0.9609
NCT01159600,79,0.957
NCT01159600,82,0.9563
NCT01159600,90,0.9486
NCT01159600,101,0.944
NCT01159600,111,0.9424
NCT01159600,122,0.9394
NCT01159600,125,0.9371
NCT01159600,126,0.9348
NCT01159600,127,0.934
NCT01159600,134,0.9309
NCT01159600,143,0.9294
NCT01159600,147,0.9256
NCT01159600,162,0.9248
NCT01159600,163,0.924
NCT01159600,223,0.924
NCT01164501,1,0.9986
NCT01164501,10,0.9946
NCT01164501,25,0.9919
NCT01164501,29,0.9837
NCT01164501,39,0.981
NCT01164501,43,0.9756
NCT01164501,64,0.9688
NCT01164501,75,0.9621
NCT01164501,79,0.9566
NCT01164501,87,0.9526
NCT01164501,92,0.9458
NCT01164501,124,0.9404
NCT01164501,126,0.9295
NCT01164501,132,0.9255
NCT01164501,167,0.9214
NCT01164501,168,0.9187
NCT01164501,181,0.9133
NCT01164501,209,0.9106
NCT01164501,240,0.9038
NCT01164501,262,0.8957
NCT01164501,283,0.893
NCT01164501,301,0.8875
NCT01164501,307,0.8835
NCT01164501,321,0.8794
NCT01164501,347,0.8767
NCT01164501,450,0.8767
NCT01167881,1,0.9987
NCT01167881,25,0.989
NCT01167881,36,0.9819
NCT01167881,83,0.9676
NCT01167881,84,0.9644
NCT01167881,96,0.9573
NCT01167881,112,0.956
NCT01167881,132,0.9469
NCT01167881,196,0.9417
NCT01167881,216,0.9346
NCT01167881,222,0.9301
NCT01167881,271,0.92490000000000006
NCT01167881,280,0.921
NCT01167881,311,0.9159
NCT01167881,351,0.912
NCT01167881,380,0.901
NCT01167881,448,0.8919
NCT01167881,481,0.8816
NCT01167881,544,0.8777
NCT01167881,552,0.8738
NCT01167881,574,0.8699
NCT01167881,630,0.8667
NCT01167881,649,0.8628
NCT01167881,664,0.8563
NCT01167881,726,0.8537
NCT01167881,729,0.8478
NCT01167881,735,0.8443
NCT01167881,1500,0.8443
NCT01177813,1,0.9956
NCT01177813,38,0.9833
NCT01177813,40,0.98
NCT01177813,42,0.9689
NCT01177813,45,0.9644
NCT01177813,46,0.96
NCT01177813,57,0.9455
NCT01177813,70,0.9444
NCT01177813,83,0.941
NCT01177813,84,0.9366
NCT01177813,85,0.9344
NCT01177813,90,0.9321
NCT01177813,95,0.9266
NCT01177813,97,0.9255
NCT01177813,98,0.9232
NCT01177813,100,0.921
NCT01177813,109,0.9177
NCT01177813,117,0.9166
NCT01177813,125,0.9132
NCT01177813,127,0.9099
NCT01177813,141,0.9077
NCT01177813,150,0.9043
NCT01177813,152,0.9021
NCT01177813,163,0.9021
NCT01177813,164,0.8998
NCT01177813,165,0.8998
NCT01177813,168,0.8962
NCT01177813,211,0.8962
NCT01191268,5,0.9989
NCT01191268,7,0.9932
NCT01191268,13,0.991
NCT01191268,14,0.9853
NCT01191268,27,0.9706
NCT01191268,30,0.9627
NCT01191268,40,0.9581
NCT01191268,59,0.9378
NCT01191268,73,0.9344
NCT01191268,78,0.9299
NCT01191268,90,0.9287
NCT01191268,98,0.9186
NCT01191268,130,0.9084
NCT01191268,134,0.9038
NCT01191268,145,0.8993
NCT01191268,146,0.8914
NCT01191268,168,0.8869
NCT01191268,183,0.8756
NCT01191268,200,0.8688
NCT01191268,205,0.8609
NCT01191268,210,0.8586
NCT01191268,263,0.8507
NCT01191268,271,0.8484
NCT01191268,277,0.8416
NCT01191268,308,0.8314
NCT01191268,360,0.8269
NCT01191268,364,0.8212
NCT01191268,485,0.8212
NCT01191944,1,0.9937
NCT01191944,2,0.9852
NCT01191944,6,0.981
NCT01191944,11,0.9767
NCT01191944,14,0.9704
NCT01191944,16,0.9683
NCT01191944,20,0.9662
NCT01191944,23,0.9598
NCT01191944,25,0.9577
NCT01191944,33,0.9535
NCT01191944,43,0.9514
NCT01191944,45,0.9471
NCT01191944,47,0.945
NCT01191944,56,0.9429
NCT01191944,57,0.9387
NCT01191944,70,0.9366
NCT01191944,74,0.9345
NCT01191944,84,0.9323
NCT01191944,99,0.9302
NCT01191944,101,0.9281
NCT01191944,108,0.926
NCT01191944,119,0.9239
NCT01191944,143,0.9239
NCT01194830,1,0.9907
NCT01194830,6,0.9815
NCT01194830,11,0.9769
NCT01194830,13,0.9583
NCT01194830,14,0.9398
NCT01194830,19,0.9352
NCT01194830,21,0.9259
NCT01194830,26,0.9213
NCT01194830,28,0.912
NCT01194830,34,0.9028
NCT01194830,41,0.8843
NCT01194830,42,0.8657
NCT01194830,44,0.8565
NCT01194830,49,0.8519
NCT01194830,55,0.8426
NCT01194830,69,0.838
NCT01194830,72,0.8333
NCT01194830,82,0.8287
NCT01194830,84,0.8194
NCT01194830,85,0.8102
NCT01194830,121,0.8009
NCT01194830,128,0.7917
NCT01194830,132,0.7824
NCT01194830,133,0.7731
NCT01194830,138,0.7685
NCT01194830,140,0.7593
NCT01194830,149,0.7546
NCT01194830,195,0.7546
NCT01204294,1,0.9983
NCT01204294,21,0.9948
NCT01204294,24,0.993
NCT01204294,28,0.9878
NCT01204294,34,0.9861
NCT01204294,41,0.9843
NCT01204294,55,0.9826
NCT01204294,60,0.9808
NCT01204294,70,0.9791
NCT01204294,90,0.9774
NCT01204294,110,0.9739
NCT01204294,111,0.9721
NCT01204294,118,0.9686
NCT01204294,139,0.9669
NCT01204294,141,0.9652
NCT01204294,154,0.9634
NCT01204294,196,0.9617
NCT01204294,223,0.9582
NCT01204294,224,0.9564
NCT01204294,251,0.9547
NCT01204294,258,0.953
NCT01204294,260,0.9512
NCT01204294,261,0.9495
NCT01204294,266,0.946
NCT01204294,279,0.9425
NCT01204294,281,0.9408
NCT01204294,314,0.9373
NCT01204294,374,0.9373
NCT01210001,1,0.99
NCT01210001,29,0.9839
NCT01210001,33,0.9819
NCT01210001,38,0.9779
NCT01210001,43,0.9759
NCT01210001,44,0.9719
NCT01210001,52,0.9699
NCT01210001,57,0.9659
NCT01210001,81,0.9618
NCT01210001,86,0.9578
NCT01210001,87,0.9558
NCT01210001,89,0.9538
NCT01210001,93,0.9518
NCT01210001,95,0.9498
NCT01210001,103,0.9458
NCT01210001,110,0.9438
NCT01210001,111,0.9418
NCT01210001,117,0.9398
NCT01210001,118,0.9378
NCT01210001,138,0.9357
NCT01210001,140,0.9337
NCT01210001,141,0.9317
NCT01210001,157,0.9257
NCT01210001,159,0.9237
NCT01210001,168,0.9237
NCT01210001,169,0.9204
NCT01210001,248,0.9204
NCT01214239,1,0.9967
NCT01214239,7,0.9933
NCT01214239,20,0.99
NCT01214239,28,0.9866
NCT01214239,29,0.9833
NCT01214239,34,0.9799
NCT01214239,41,0.9766
NCT01214239,42,0.9699
NCT01214239,46,0.9666
NCT01214239,48,0.9632
NCT01214239,49,0.9599
NCT01214239,50,0.9498
NCT01214239,63,0.9465
NCT01214239,66,0.9431
NCT01214239,83,0.9365
NCT01214239,84,0.9331
NCT01214239,92,0.9298
NCT01214239,93,0.9264
NCT01214239,98,0.9231
NCT01214239,118,0.9164
NCT01214239,123,0.913
NCT01214239,126,0.9097
NCT01214239,133,0.9064
NCT01214239,146,0.903
NCT01214239,190,0.903
NCT01306214,1,0.9982
NCT01306214,27,0.984
NCT01306214,44,0.9805
NCT01306214,66,0.968
NCT01306214,83,0.9645
NCT01306214,90,0.9609
NCT01306214,93,0.9574
NCT01306214,94,0.9538
NCT01306214,97,0.952
NCT01306214,126,0.9485
NCT01306214,138,0.9432
NCT01306214,144,0.9361
NCT01306214,160,0.9325
NCT01306214,166,0.929
NCT01306214,174,0.9201
NCT01306214,223,0.9076
NCT01306214,237,0.8952
NCT01306214,255,0.8881
NCT01306214,262,0.8828
NCT01306214,264,0.8792
NCT01306214,279,0.8774
NCT01306214,292,0.8668
NCT01306214,346,0.8508
NCT01306214,359,0.8508
NCT01306214,363,0.8468
NCT01306214,387,0.8468
NCT01306214,391,0.6351
NCT01306214,405,0.6351
NCT01335464,1,0.9981
NCT01335464,7,0.9961
NCT01335464,27,0.9766
NCT01335464,34,0.9747
NCT01335464,46,0.9591
NCT01335464,55,0.9571
NCT01335464,63,0.9474
NCT01335464,82,0.9376
NCT01335464,83,0.9318
NCT01335464,91,0.922
NCT01335464,109,0.9123
NCT01335464,132,0.9084
NCT01335464,148,0.8928
NCT01335464,166,0.8869
NCT01335464,182,0.8733
NCT01335464,196,0.8713
NCT01335464,231,0.8558
NCT01335464,234,0.848
NCT01335464,246,0.8441
NCT01335464,253,0.8382
NCT01335464,257,0.8285
NCT01335464,274,0.8207
NCT01335464,279,0.8129
NCT01335464,307,0.8031
NCT01335464,310,0.7934
NCT01335464,365,0.7814
NCT01335464,367,0.7656
NCT01335464,395,0.7656
NCT01335477,1,0.9964
NCT01335477,17,0.9872
NCT01335477,28,0.9726
NCT01335477,38,0.9708
NCT01335477,40,0.9635
NCT01335477,42,0.9617
NCT01335477,69,0.9526
NCT01335477,77,0.9398
NCT01335477,84,0.9361
NCT01335477,86,0.9288
NCT01335477,95,0.9197
NCT01335477,122,0.9051
NCT01335477,126,0.8996
NCT01335477,147,0.8923
NCT01335477,150,0.8869
NCT01335477,201,0.8704
NCT01335477,217,0.8485
NCT01335477,226,0.8449
NCT01335477,230,0.8394
NCT01335477,250,0.8321
NCT01335477,255,0.823
NCT01335477,288,0.8175
NCT01335477,315,0.7956
NCT01335477,336,0.7883
NCT01335477,339,0.7828
NCT01335477,375,0.7809
NCT01335477,376,0.6942
NCT01335477,398,0.6942
NCT01368081,1,0.9991
NCT01368081,4,0.9966
NCT01368081,16,0.9914
NCT01368081,26,0.9897
NCT01368081,27,0.9862
NCT01368081,52,0.9836
NCT01368081,54,0.9828
NCT01368081,55,0.9802
NCT01368081,136,0.9699
NCT01368081,155,0.9639
NCT01368081,178,0.9596
NCT01368081,181,0.9578
NCT01368081,216,0.9518
NCT01368081,223,0.9492
NCT01368081,226,0.9466
NCT01368081,233,0.9449
NCT01368081,251,0.9432
NCT01368081,273,0.9389
NCT01368081,279,0.9346
NCT01368081,298,0.9329
NCT01368081,308,0.9269
NCT01368081,332,0.9234
NCT01368081,333,0.9217
NCT01368081,357,0.92
NCT01368081,365,0.9179
NCT01368081,366,0.9143
NCT01368081,375,0.9143
NCT01370005,4,0.9988
NCT01370005,11,0.9964
NCT01370005,12,0.9951
NCT01370005,20,0.9939
NCT01370005,23,0.9927
NCT01370005,25,0.9903
NCT01370005,26,0.9879
NCT01370005,27,0.9867
NCT01370005,29,0.9854
NCT01370005,34,0.9842
NCT01370005,35,0.983
NCT01370005,37,0.9818
NCT01370005,39,0.9794
NCT01370005,41,0.9757
NCT01370005,43,0.9745
NCT01370005,46,0.9733
NCT01370005,47,0.9721
NCT01370005,60,0.966
NCT01370005,61,0.9648
NCT01370005,70,0.9648
NCT01370005,72,0.9636
NCT01370005,82,0.9636
NCT01370005,83,0.9622
NCT01370005,84,0.9604
NCT01370005,88,0.9604
NCT01370005,89,0.9554
NCT01370005,90,0.9422
NCT01370005,163,0.9422
NCT01422876,1,0.9927
NCT01422876,7,0.9868
NCT01422876,19,0.9809
NCT01422876,38,0.9787
NCT01422876,40,0.9773
NCT01422876,43,0.9707
NCT01422876,48,0.9677
NCT01422876,75,0.9626
NCT01422876,83,0.9589
NCT01422876,84,0.9545
NCT01422876,89,0.9516
NCT01422876,118,0.9435
NCT01422876,132,0.9347
NCT01422876,159,0.9288
NCT01422876,167,0.923
NCT01422876,168,0.9193
NCT01422876,171,0.9149
NCT01422876,188,0.9046
NCT01422876,222,0.8973
NCT01422876,224,0.8944
NCT01422876,243,0.8892
NCT01422876,271,0.887
NCT01422876,301,0.8716
NCT01422876,316,0.8687
NCT01422876,324,0.8628
NCT01422876,380,0.8592
NCT01422876,383,0.716
NCT01422876,440,0.716
NCT01558271,1,0.9878
NCT01558271,29,0.9837
NCT01558271,30,0.9817
NCT01558271,34,0.9797
NCT01558271,36,0.9776
NCT01558271,54,0.9736
NCT01558271,65,0.9695
NCT01558271,70,0.9654
NCT01558271,92,0.9614
NCT01558271,97,0.9593
NCT01558271,99,0.9533
NCT01558271,123,0.9472
NCT01558271,162,0.9451
NCT01558271,176,0.9431
NCT01558271,178,0.9411
NCT01558271,182,0.939
NCT01558271,218,0.9329
NCT01558271,224,0.9309
NCT01558271,238,0.9289
NCT01558271,245,0.9268
NCT01558271,283,0.9228
NCT01558271,295,0.9207
NCT01558271,297,0.9187
NCT01558271,308,0.9167
NCT01558271,310,0.9146
NCT01558271,325,0.9126
NCT01558271,330,0.9085
NCT01558271,389,0.9085
NCT01621178,1,0.9983
NCT01621178,4,0.9965
NCT01621178,8,0.9878
NCT01621178,12,0.9861
NCT01621178,14,0.9809
NCT01621178,20,0.9774
NCT01621178,23,0.9705
NCT01621178,27,0.967
NCT01621178,29,0.9601
NCT01621178,42,0.9566
NCT01621178,49,0.9462
NCT01621178,61,0.9444
NCT01621178,73,0.9375
NCT01621178,77,0.9306
NCT01621178,87,0.9236
NCT01621178,100,0.9219
NCT01621178,102,0.9167
NCT01621178,119,0.9045
NCT01621178,238,0.8733
NCT01621178,242,0.8681
NCT01621178,314,0.8576
NCT01621178,346,0.8472
NCT01621178,348,0.8437
NCT01621178,355,0.8437
NCT01621178,359,0.8384
NCT01621178,376,0.8384
NCT01621178,377,0.8184
NCT01621178,566,0.8184
NCT01624259,4,0.9983
NCT01624259,9,0.995
NCT01624259,27,0.9917
NCT01624259,28,0.9866
NCT01624259,33,0.985
NCT01624259,36,0.98
NCT01624259,40,0.9766
NCT01624259,51,0.975
NCT01624259,56,0.9733
NCT01624259,58,0.9716
NCT01624259,69,0.9699
NCT01624259,82,0.9666
NCT01624259,84,0.9649
NCT01624259,85,0.9616
NCT01624259,98,0.9599
NCT01624259,104,0.9583
NCT01624259,119,0.9566
NCT01624259,126,0.9516
NCT01624259,140,0.9466
NCT01624259,141,0.9449
NCT01624259,148,0.9432
NCT01624259,174,0.9432
NCT01624259,175,0.9415
NCT01624259,177,0.9415
NCT01624259,178,0.9397
NCT01624259,181,0.9397
NCT01624259,182,0.9376
NCT01624259,228,0.9376
NCT01694771,2,0.9982
NCT01694771,6,0.9938
NCT01694771,11,0.9929
NCT01694771,22,0.9876
NCT01694771,25,0.985
NCT01694771,26,0.9832
NCT01694771,28,0.9699
NCT01694771,30,0.9691
NCT01694771,33,0.9646
NCT01694771,48,0.9584
NCT01694771,49,0.9567
NCT01694771,53,0.9558
NCT01694771,60,0.9505
NCT01694771,81,0.9461
NCT01694771,83,0.9443
NCT01694771,86,0.9386
NCT01694771,87,0.931
NCT01694771,88,0.931
NCT01694771,89,0.927
NCT01694771,90,0.927
NCT01694771,91,0.9097
NCT01694771,94,0.9097
NCT01694771,95,0.8528
NCT01694771,97,0.8528
NCT01694771,98,0.8122
NCT01694771,99,0.7581
NCT01694771,152,0.7581
NCT01708902,1,0.9959
NCT01708902,4,0.9932
NCT01708902,9,0.9918
NCT01708902,14,0.9849
NCT01708902,15,0.9822
NCT01708902,19,0.9781
NCT01708902,21,0.974
NCT01708902,27,0.9699
NCT01708902,30,0.9644
NCT01708902,35,0.9603
NCT01708902,39,0.9589
NCT01708902,42,0.9548
NCT01708902,44,0.9534
NCT01708902,50,0.9452
NCT01708902,52,0.9438
NCT01708902,62,0.9397
NCT01708902,76,0.9384
NCT01708902,87,0.9342
NCT01708902,95,0.9274
NCT01708902,103,0.926
NCT01708902,110,0.9233
NCT01708902,128,0.9205
NCT01708902,138,0.9151
NCT01708902,140,0.9123
NCT01708902,173,0.9123
NCT01708902,174,0.903
NCT01708902,195,0.903
NCT01719003,1,0.9926
NCT01719003,5,0.9838
NCT01719003,8,0.9809
NCT01719003,18,0.9794
NCT01719003,28,0.9728
NCT01719003,41,0.9684
NCT01719003,44,0.964
NCT01719003,47,0.9632
NCT01719003,50,0.9596
NCT01719003,61,0.9574
NCT01719003,65,0.9544
NCT01719003,69,0.9537
NCT01719003,70,0.9522
NCT01719003,82,0.9485
NCT01719003,84,0.9441
NCT01719003,91,0.939
NCT01719003,101,0.9353
NCT01719003,106,0.9309
NCT01719003,125,0.9265
NCT01719003,128,0.9228
NCT01719003,136,0.9221
NCT01719003,138,0.9199
NCT01719003,139,0.9169
NCT01719003,156,0.9147
NCT01719003,164,0.9117
NCT01719003,171,0.9117
NCT01719003,172,0.9094
NCT01719003,229,0.9094
NCT01769378,14,0.9933
NCT01769378,15,0.99
NCT01769378,17,0.9866
NCT01769378,25,0.9799
NCT01769378,27,0.9766
NCT01769378,34,0.9732
NCT01769378,35,0.9666
NCT01769378,55,0.9632
NCT01769378,62,0.9599
NCT01769378,64,0.9565
NCT01769378,65,0.9532
NCT01769378,81,0.9465
NCT01769378,85,0.9398
NCT01769378,86,0.9365
NCT01769378,91,0.9331
NCT01769378,92,0.9298
NCT01769378,141,0.9298
NCT01769378,144,0.9263
NCT01769378,149,0.9229
NCT01769378,174,0.9229
NCT01769378,175,0.9051
NCT01769378,302,0.9051
NCT02152371,6,0.9967
NCT02152371,7,0.99
NCT02152371,19,0.9867
NCT02152371,21,0.9833
NCT02152371,27,0.98
NCT02152371,28,0.9733
NCT02152371,42,0.9633
NCT02152371,54,0.9567
NCT02152371,58,0.9533
NCT02152371,59,0.95
NCT02152371,80,0.9467
NCT02152371,84,0.94
NCT02152371,97,0.9367
NCT02152371,98,0.9333
NCT02152371,111,0.93
NCT02152371,113,0.9267
NCT02152371,114,0.9233
NCT02152371,126,0.92
NCT02152371,169,0.9167
NCT02152371,182,0.9167
NCT02152371,183,0.9132
NCT02152371,195,0.9132
NCT02152371,196,0.9088
NCT02152371,225,0.9088
NCT02172287,1,0.9856
NCT02172287,4,0.9711
NCT02172287,9,0.9647
NCT02172287,12,0.9535
NCT02172287,14,0.939
NCT02172287,18,0.9342
NCT02172287,20,0.9278
NCT02172287,26,0.9246
NCT02172287,29,0.9165
NCT02172287,34,0.9133
NCT02172287,35,0.9101
NCT02172287,48,0.9037
NCT02172287,52,0.8973
NCT02172287,57,0.8812
NCT02172287,62,0.8796
NCT02172287,70,0.8684
NCT02172287,89,0.862
NCT02172287,94,0.8587
NCT02172287,98,0.8523
NCT02172287,110,0.8475
NCT02172287,132,0.8299
NCT02172287,166,0.8201
NCT02172287,167,0.8161
NCT02172287,170,0.8161
NCT02172287,171,0.8079
NCT02172287,177,0.8079
NCT02172287,179,0.739
NCT02172287,209,0.739
NCT02172586,1,0.9889
NCT02172586,3,0.9861
NCT02172586,20,0.9806
NCT02172586,22,0.975
NCT02172586,29,0.9722
NCT02172586,36,0.9611
NCT02172586,54,0.9583
NCT02172586,64,0.9528
NCT02172586,67,0.95
NCT02172586,70,0.9444
NCT02172586,76,0.9417
NCT02172586,77,0.9361
NCT02172586,78,0.9333
NCT02172586,80,0.9306
NCT02172586,83,0.9222
NCT02172586,89,0.9139
NCT02172586,90,0.9083
NCT02172586,107,0.9
NCT02172586,109,0.8944
NCT02172586,111,0.8917
NCT02172586,115,0.8889
NCT02172586,116,0.8861
NCT02172586,127,0.8778
NCT02172586,128,0.8722
NCT02172586,130,0.8694
NCT02172586,143,0.8694
NCT02172586,151,0.8667
NCT02172586,215,0.8667
NCT02175355,1,0.999
NCT02175355,5,0.9981
NCT02175355,6,0.9952
NCT02175355,8,0.9942
NCT02175355,12,0.9904
NCT02175355,13,0.9827
NCT02175355,14,0.9817
NCT02175355,15,0.9788
NCT02175355,19,0.9778
NCT02175355,21,0.9769
NCT02175355,26,0.9721
NCT02175355,27,0.9499
NCT02175355,28,0.9489
NCT02175355,30,0.9431
NCT02175355,31,0.9421
NCT02175355,33,0.9421
NCT02175355,34,0.9392
NCT02175355,40,0.9392
NCT02175355,41,0.9381
NCT02175355,56,0.9381
NCT02177344,1,0.9954
NCT02177344,2,0.9907
NCT02177344,6,0.9876
NCT02177344,7,0.983
NCT02177344,10,0.9752
NCT02177344,14,0.969
NCT02177344,19,0.9675
NCT02177344,20,0.9628
NCT02177344,24,0.9598
NCT02177344,27,0.9536
NCT02177344,29,0.9458
NCT02177344,31,0.9412
NCT02177344,34,0.9365
NCT02177344,35,0.9334
NCT02177344,40,0.9272
NCT02177344,45,0.9257
NCT02177344,47,0.9211
NCT02177344,55,0.9118
NCT02177344,57,0.9056
NCT02177344,61,0.8994
NCT02177344,62,0.8947
NCT02177344,66,0.8916
NCT02177344,75,0.8901
NCT02177344,82,0.8839
NCT02177344,84,0.8808
NCT02177344,186,0.8808
NCT02177396,1,0.9977
NCT02177396,5,0.9953
NCT02177396,6,0.993
NCT02177396,9,0.9906
NCT02177396,11,0.9883
NCT02177396,12,0.9836
NCT02177396,13,0.9718
NCT02177396,24,0.9671
NCT02177396,26,0.9624
NCT02177396,27,0.9531
NCT02177396,28,0.9484
NCT02177396,30,0.946
NCT02177396,32,0.9413
NCT02177396,34,0.939
NCT02177396,35,0.9366
NCT02177396,38,0.9366
NCT02177396,39,0.9343
NCT02177396,45,0.9343
NCT02177396,46,0.9318
NCT02177396,48,0.9293
NCT02177396,49,0.9269
NCT02177396,54,0.9269
NCT02177396,55,0.924
NCT02177396,85,0.924
NCT02177461,1,0.9947
NCT02177461,19,0.9759
NCT02177461,21,0.9679
NCT02177461,26,0.9599
NCT02177461,29,0.9358
NCT02177461,36,0.9198
NCT02177461,54,0.9091
NCT02177461,56,0.8877
NCT02177461,60,0.877
NCT02177461,63,0.861
NCT02177461,75,0.8556
NCT02177461,82,0.8422
NCT02177461,83,0.8289
NCT02177461,91,0.7968
NCT02177461,99,0.7914
NCT02177461,101,0.7861
NCT02177461,111,0.7834
NCT02177461,112,0.7754
NCT02177461,115,0.7647
NCT02177461,118,0.7594
NCT02177461,133,0.754
NCT02177461,144,0.7353
NCT02177461,146,0.7273
NCT02177461,151,0.7219
NCT02177461,167,0.7192
NCT02177461,168,0.7157
NCT02177461,219,0.7157
NCT02183064,1,0.9969
NCT02183064,9,0.986
NCT02183064,13,0.9828
NCT02183064,14,0.9789
NCT02183064,20,0.9758
NCT02183064,22,0.9727
NCT02183064,24,0.9719
NCT02183064,25,0.9687
NCT02183064,35,0.9601
NCT02183064,47,0.9546
NCT02183064,49,0.9514
NCT02183064,52,0.9514
NCT02183064,61,0.9435
NCT02183064,78,0.9403
NCT02183064,108,0.9259
NCT02183064,121,0.9259
NCT02183064,124,0.9234
NCT02183064,139,0.9185
NCT02183064,147,0.9185
NCT02183064,157,0.9153
NCT02183064,167,0.9153
NCT02183064,169,0.9135
NCT02183064,181,0.9124
NCT02183064,275,0.9124
NCT02200653,1,0.9974
NCT02200653,2,0.9948
NCT02200653,6,0.9896
NCT02200653,13,0.987
NCT02200653,18,0.9845
NCT02200653,27,0.9793
NCT02200653,28,0.9767
NCT02200653,30,0.9741
NCT02200653,36,0.9715
NCT02200653,37,0.9663
NCT02200653,38,0.9637
NCT02200653,44,0.9637
NCT02200653,48,0.9611
NCT02200653,52,0.9611
NCT02200653,54,0.9554
NCT02200653,55,0.9523
NCT02200653,75,0.9523
NCT02240680,1,0.9934
NCT02240680,5,0.9901
NCT02240680,12,0.9868
NCT02240680,14,0.9834
NCT02240680,26,0.9801
NCT02240680,44,0.9768
NCT02240680,71,0.9735
NCT02240680,79,0.9702
NCT02240680,81,0.9669
NCT02240680,83,0.9603
NCT02240680,89,0.957
NCT02240680,91,0.9503
NCT02240680,98,0.947
NCT02240680,118,0.9437
NCT02240680,119,0.9404
NCT02240680,125,0.9371
NCT02240680,129,0.9338
NCT02240680,132,0.9338
NCT02240680,146,0.9305
NCT02240680,152,0.9305
NCT02240680,156,0.9238
NCT02240680,370,0.9238
NCT02489968,6,0.9978
NCT02489968,33,0.9955
NCT02489968,43,0.9933
NCT02489968,45,0.9911
NCT02489968,52,0.9888
NCT02489968,56,0.9866
NCT02489968,60,0.9821
NCT02489968,73,0.9799
NCT02489968,84,0.9776
NCT02489968,101,0.9754
NCT02489968,111,0.9709
NCT02489968,117,0.9687
NCT02489968,118,0.9664
NCT02489968,140,0.9642
NCT02489968,146,0.9575
NCT02489968,172,0.9575
NCT02489968,173,0.954
NCT02489968,179,0.954
NCT02489968,202,0.9497
NCT02489968,243,0.9454
NCT02489968,291,0.9411
NCT02489968,361,0.9368
NCT02489968,378,0.9368
NCT02750410,15,0.9937
NCT02750410,20,0.98740000000000006
NCT02750410,57,0.9811
NCT02750410,78,0.9748
NCT02750410,85,0.9686
NCT02750410,106,0.9623
NCT02750410,120,0.956
NCT02750410,162,0.9434
NCT02750410,183,0.9245
NCT02750410,197,0.9182
NCT02750410,209,0.9119
NCT02750410,225,0.9057
NCT02750410,260,0.8994
NCT02750410,337,0.8931
NCT02750410,372,0.8931
